Frequency (Hz),OL Magnitude (dB),OL Phase (Deg),Plant Magnitude (dB),Plant Phase (Deg)
2,-8.19137287,-135.722198,-5.92937946,-115.067841
2.046,-11.3197575,-139.740234,-9.58553219,-119.70005
2.09305811,-8.92841148,-137.14772,-6.74315405,-116.381073
2.1411984,-10.5578995,-144.462326,-8.48028946,-122.873016
2.1904459,-6.00421715,-137.839554,-3.15483999,-117.916084
2.24082613,-8.40445137,-136.917816,-6.11121702,-115.586555
2.29236507,-9.27403069,-138.237213,-7.11622238,-117.010567
2.34508944,-9.47990799,-139.970871,-7.28382969,-118.78199
2.39902639,-5.80106926,-138.738327,-2.81917334,-118.517609
2.45420408,-5.70371485,-139.73819,-2.60779524,-120.011673
2.51065087,-7.83696747,-140.622208,-5.14128637,-119.17038
2.56839585,-6.92052841,-141.115814,-3.93406081,-120.524124
2.62746906,-7.28661203,-141.469666,-4.36881733,-120.344627
2.68790078,-7.48833084,-142.54776,-4.54665518,-120.651497
2.74972248,-7.65872765,-144.147125,-4.65498924,-122.245003
2.81296611,-8.25555515,-146.870789,-5.30177641,-124.073189
2.87766433,-5.31859541,-145.462296,-1.46220005,-125.709427
2.94385052,-5.66219854,-145.703445,-1.85477602,-125.083618
3.01155901,-7.08097887,-145.802444,-3.74572349,-123.302826
3.08082485,-8.96862793,-150.13089,-6.13862514,-127.020714
3.15168381,-5.34875917,-144.618378,-1.59123957,-124.288712
3.22417259,-6.23008156,-145.375107,-2.63092995,-124.037468
3.29832864,-4.44522858,-146.468323,-0.337208867,-128.649185
3.37419009,-7.87506962,-149.798233,-4.60223866,-126.16861
3.45179653,-8.01711464,-152.201508,-4.67767572,-128.436172
3.53118777,-5.12381697,-148.797699,-0.807810009,-130.17247
3.61240506,-9.00115681,-165.882507,-5.8111124,-141.162628
3.69549036,-7.84643745,-157.602463,-4.17579508,-133.123886
3.78048658,-8.45708752,-161.494553,-5.00178576,-137.305557
3.86743784,-7.70364809,-156.003693,-4.02419615,-131.513885
3.95638895,-8.88585186,-166.131348,-5.64870548,-140.996063
4.04738569,-6.61983013,-152.099594,-2.57662153,-128.503952
4.14047575,-5.55317879,-151.486801,-1.0533402,-132.198532
4.23570681,-6.45000219,-155.661133,-2.01417923,-133.848053
4.33312798,-8.12663269,-170.778427,-4.41014242,-145.80307
4.4327898,-5.91908407,-154.667252,-1.25294101,-133.59906
4.53474379,-4.85457993,-152.811066,0.108608693,-134.599945
4.63904285,-6.09405994,-155.904114,-1.41694129,-135.776413
4.74574089,-3.86358762,-153.056213,1.28777754,-139.399796
4.85489273,-5.92293453,-155.399734,-1.18931067,-134.881546
4.96655512,-7.09942007,-163.198547,-2.6747756,-140.443466
5.08078575,-7.80905581,-177.336456,-4.02820683,-152.09462
5.19764376,-7.10382223,-168.469589,-2.57223678,-145.038269
5.31718969,-5.71844006,-159.413483,-0.47142747,-140.321396
5.43948507,-5.30714083,-157.51709,0.02029985,-139.301544
5.56459332,-6.33494997,-162.396042,-1.33749044,-141.556931
5.69257879,-6.7730155,-165.307343,-2.04481792,-141.971832
5.82350826,-5.62841082,-159.724762,-0.289886922,-141.81575
5.95744896,-5.52977037,-159.439926,-0.148572206,-141.556976
6.0944705,-6.0463419,-161.952164,-0.849204242,-141.343246
6.23464346,-5.83884144,-160.597717,-0.582235754,-140.009369
6.37804031,-5.99813986,-163.061203,-0.661593318,-145.15123
6.52473545,-6.86153984,-169.02919,-2.17722106,-144.374023
6.67480421,-6.22372818,-166.146133,-0.93671447,-145.491608
6.82832479,-6.74466038,-176.390228,-2.01399708,-152.367432
6.98537636,-6.46526098,173.015945,-2.34533143,-161.902283
7.14603996,-5.65525389,-165.460007,0.148459822,-148.368683
7.31039906,-6.56021786,176.178207,-2.19921803,-158.728516
7.47853804,-5.04583597,-162.588608,0.994164765,-149.631577
7.65054464,-4.21004343,-160.354782,1.90338778,-152.930756
7.82650709,-4.46760321,-160.594421,1.65970302,-150.118408
8.00651646,-6.03126049,-170.69548,-0.335800469,-153.301361
8.1906662,-5.77518606,-168.014236,0.068957053,-150.773727
8.37905121,-6.11142683,172.498199,-1.67506516,-163.576828
8.57176971,-3.66318178,-159.713318,2.55703759,-152.965805
8.7689209,-5.46521568,-166.587311,0.603192687,-150.971054
8.97060585,-6.14029217,176.9039,-1.10435188,-161.272873
9.17692947,-5.29544926,166.267609,-1.34234047,-169.496262
9.38799858,-3.32535434,-160.256058,2.70637131,-158.990234
9.60392284,-4.86915493,-164.208847,1.47824347,-153.322571
9.82481289,-5.42709255,-167.614227,0.752571285,-152.439331
10.0507832,-5.99277639,-179.86673,-0.570984781,-158.228699
10.281951,-4.64439487,-163.679337,1.78916681,-154.273438
10.5184355,-5.58831072,-170.995789,0.602921247,-155.703552
10.7603598,-5.0453577,-166.485809,1.4009155,-155.255692
11.0078478,-5.17713976,-167.65004,1.2456255,-156.682205
11.2610283,-4.67764568,-164.660828,1.85719943,-155.523865
11.5200319,-4.71027422,-164.836823,1.81489635,-155.84906
11.7849922,-5.06116056,-168.040298,1.49797738,-158.597916
12.0560474,-5.38932228,-172.082001,1.08514297,-158.87146
12.3333368,-5.48202753,-174.444107,0.932824194,-160.339188
12.6170034,-4.12680244,-163.962921,2.47331476,-161.549896
12.9071941,-5.31967974,-172.346817,1.26716065,-162.718002
13.2040596,-5.52752352,176.309082,0.272473693,-165.116211
13.5077534,-5.0824995,-169.717392,1.59730458,-160.519333
13.8184319,-3.62246919,-162.652618,2.68579125,-164.531403
14.1362562,-4.55356646,-165.644806,2.13742805,-159.633621
14.4613905,-4.48965788,-165.748032,2.16245937,-162.62262
14.7940025,-4.45372581,-166.311386,2.21982241,-165.415848
15.1342649,-5.32130003,-174.245468,1.31090772,-162.210052
15.4823532,-4.89629126,169.443741,0.341850162,-169.704987
15.8384476,-5.33628941,-176.596558,1.32521057,-165.720261
16.2027321,-3.72371674,-163.916412,2.68469453,-167.859604
16.5753956,-3.87616515,-164.36438,2.53830957,-168.471069
16.9566288,-5.07071447,-171.794464,1.75607395,-164.966095
17.346632,-3.3474822,-162.947281,2.81263804,-168.338959
17.7456055,-5.21439743,-174.379547,1.58346212,-168.235153
18.1537552,-4.6992631,-168.663818,2.15790224,-165.716949
18.571291,-5.35164404,176.516006,0.792192698,-167.188232
18.9984303,-3.67226195,-164.195297,2.57861519,-170.980835
19.4353943,-3.06159878,-163.101974,2.76305866,-172.140457
19.8824081,-3.57398701,-163.904388,2.85786533,-168.461761
20.3397045,-4.76812696,-169.546082,2.0460639,-168.960052
20.807518,-4.97779322,-171.328552,1.8978188,-166.32872
21.2860909,-5.04909277,-172.878952,1.86071205,-167.523895
21.775671,-4.86895895,-170.920639,1.95888352,-171.374069
22.2765121,-5.29794741,-177.570023,1.39937949,-166.394531
22.7888718,-4.45283365,-167.771637,2.31511879,-169.812836
23.313015,-5.23010826,177.811279,1.37200975,-170.588699
23.8492146,-5.2544961,-178.632843,1.48832011,-167.828125
24.397747,-5.09231472,-174.665634,1.86108398,-169.157196
24.9588947,-4.69227695,-169.926941,2.24877739,-169.388794
25.5329494,-4.68475437,169.45549,1.13148212,-173.819077
26.1202068,-2.84579349,-163.142014,2.70289731,-174.054932
26.7209721,-4.71535206,169.680466,1.11343575,-173.557846
27.3355541,-4.12396097,-166.572861,2.35996079,-173.960739
27.9642715,-4.11523676,166.283371,1.29029298,-176.012039
28.6074505,-5.18433857,-177.870621,1.70852184,-169.992111
29.2654228,-4.93125582,173.283966,1.60878098,-175.16481
29.9385281,-2.19539428,-163.454697,2.58190322,-176.719681
30.6271133,-2.61611533,162.79454,1.03503478,-177.799545
31.3315372,-4.68604565,-170.693481,2.22460222,-173.632477
32.0521622,-3.62302399,-164.857864,2.39805627,-175.914536
32.7893639,-1.94176078,-163.876694,2.52583361,-177.63028
33.5435181,-3.11734033,-163.69429,2.90056515,-172.871704
34.3150177,-5.12512732,-178.396408,1.87653399,-173.9496
35.1042633,-4.20874882,166.930191,1.6821053,-178.837341
35.9116631,-1.75661731,-164.277069,2.91327786,-176.479324
36.7376328,-3.95832586,-166.169342,2.18890214,-177.667435
37.5825996,-5.02663612,175.288116,1.86018717,-179.306961
38.4469986,-5.09276438,-176.195038,1.90367055,-174.102829
39.3312798,-2.47378349,163.026703,1.69827521,179.813446
40.2359009,-2.97308969,-163.741852,2.52945852,-176.753174
41.1613274,-2.86260867,163.279327,1.80078888,179.917984
42.1080399,-1.21703577,-165.731888,2.75983763,-177.206696
43.0765266,-4.74912739,-169.893997,2.33018947,-159.678558
44.0672874,-1.62752366,163.635529,-0.42275098,-176.064697
45.0808334,-0.227569893,172.620621,1.09082413,179.114456
46.117691,-5.08645582,178.236343,1.88772142,-176.133713
47.1783981,-1.00884295,166.503494,1.7455411,179.509155
48.2635002,-0.672118783,168.465805,1.67083573,179.44072
49.3735619,-1.02947521,-171.316223,-4.89708471,153.070282
50.5091553,-0.614756525,-169.38298,2.78460932,-179.104324
51.6708641,-3.5983932,-165.282166,2.25286531,-179.012985
52.8592949,-4.80833817,172.235031,1.89915764,-179.195786
54.075058,-5.02735901,174.304016,1.66529083,-177.247101
55.3187828,-4.95627832,-175.074692,2.03836203,-179.152878
56.591114,-2.03928113,-164.520187,1.37171781,175.153366
57.8927116,-3.65236139,-165.557556,2.095505,179.35318
59.2242432,-1.61635518,164.203217,1.58227897,179.945114
60.5863991,-0.550857246,169.350327,1.94956362,178.779144
61.9798851,-4.29674149,168.371429,2.58983421,172.893188
63.4054222,-3.31988883,-164.655289,2.04437757,178.998886
64.8637466,-4.36290359,168.538696,2.40572786,174.412796
66.3556137,-4.98960924,175.555649,2.00126505,179.513199
67.8817902,-4.36625147,168.169205,2.01906395,178.470474
69.4430695,-0.411854923,170.63945,2.24322462,178.446976
71.0402603,-1.256338,165.297989,1.99149144,178.458878
72.6741867,-0.048595253,176.387451,2.22512794,178.559555
74.3456955,-1.5487572,-165.3237,1.95373201,177.970535
76.0556488,-1.37198496,-165.683517,2.27697325,179.5755
77.8049316,-5.04367971,-176.869888,1.9840821,-179.438614
79.5944443,-2.77445984,163.12767,2.073066,178.088425
81.4251175,-1.85015213,-164.622971,2.06563282,178.400665
83.2978973,-5.01882887,-176.280869,2.00664902,-179.056808
85.2137527,-1.02907312,166.311798,2.19171047,178.082855
87.1736679,-0.4380292,170.222565,2.07453561,178.150452
89.1786652,-0.059497189,175.894211,2.07121038,178.145676
91.2297745,-1.68455815,164.031311,2.1624651,177.964569
93.3280563,-1.96134186,-164.549271,2.07548714,178.047882
95.4746017,-0.376189649,-171.925461,2.0937922,178.028259
97.670517,-1.33156085,-166.112946,2.08592248,177.955582
99.9169388,0.001567513,179.544342,2.09501767,177.891312
102.215027,-0.986861169,-167.556808,2.1172626,178.025894
104.565971,-1.59056544,-165.366745,2.13032031,177.974319
106.970985,-1.11935842,-166.95639,2.15007973,178.055481
109.43132,-2.73313665,162.989807,2.02800393,177.938965
111.948242,-3.54371929,-165.510956,2.11874342,178.505768
114.523048,-4.7355094,170.876343,1.95298779,177.892899
117.157082,-4.45535517,169.691986,2.22921968,178.615356
119.851692,-4.87961769,-173.798187,1.96129453,178.382187
122.608284,-1.97806394,162.973785,1.95432651,176.986557
125.428276,-4.76460791,-176.655472,2.61911321,-178.715866
128.313126,-1.39093649,164.198853,2.09942842,175.988739
131.264328,-3.0191021,162.817856,2.13050747,175.781815
134.283401,-5.04494286,177.522827,2.03909492,177.459488
137.371918,-4.62596941,-171.473877,2.03141713,177.447845
140.531479,-4.87651396,-174.956497,2.06678033,176.879364
143.763702,-5.06038475,-179.204529,2.00712729,177.01033
147.070267,-5.07639313,178.656021,1.99688566,176.805481
150.452881,-4.8512001,171.492859,1.93409717,175.395142
153.9133,-5.05338001,-179.417175,2.02923918,176.952774
157.453308,-4.97875118,174.525864,2.03332615,175.149139
161.074738,-5.0641284,176.823669,1.98421633,175.46846
164.779449,-4.80842161,-173.963394,2.04808044,176.339737
168.569382,-4.990767,175.379044,2.03957534,177.067947
172.446472,-4.97088671,175.053726,2.08724642,175.532318
176.412735,-4.86059189,172.463806,2.0401969,175.827454
180.47023,-5.04296112,177.110306,2.04137659,175.63678
184.621048,-5.02959394,-177.874069,1.96842706,175.169678
188.867325,-5.00692368,175.304474,2.0158298,176.126297
193.211273,-4.66925955,170.133102,2.13505745,174.195389
197.655136,-5.01449203,-178.445618,2.05191159,175.63472
202.201202,-5.07266951,177.084732,1.97737467,174.886078
206.851837,-4.90215302,172.462692,2.02312875,173.576553
211.609436,-5.03587055,179.198105,2.08176899,175.253647
216.476456,-4.84385633,172.15451,2.08811855,174.245773
221.455414,-4.96224165,174.642441,2.11081576,173.354309
226.548889,-4.92946434,-175.792328,1.91626763,173.453934
231.759521,-4.88005161,172.461258,2.07519436,173.418671
237.089996,-5.03671932,-179.65683,2.0294919,173.850555
242.54306,-5.02038765,176.359909,2.07701898,173.248154
248.121552,-4.99938822,175.944626,2.10379934,173.714523
253.828354,-5.01973104,179.395645,2.03204393,169.996765
259.666412,-4.93639565,173.144852,2.05495095,172.369263
265.638733,-5.05736256,178.406631,2.03149152,174.323868
271.748413,-5.04447937,-178.58783,1.82207954,169.623535
277.998627,-4.72023773,171.221619,2.40008855,168.419601
284.392609,-5.0183115,175.38913,2.03049493,173.789307
290.933624,-5.09311247,178.025223,1.93255889,171.777237
297.625092,-5.47306728,173.446014,0.993455529,167.406693
304.470459,-4.18727398,171.05571,3.60566926,167.116852
311.473267,-5.22136831,176.448227,1.63468421,171.709534
318.637146,-5.00156593,175.661499,2.09923315,168.883804
325.96579,-4.91873026,176.55043,2.30917501,169.677887
333.463013,-4.89616013,171.648117,2.11628962,165.413193
341.13266,-4.98275661,175.778336,2.14462304,168.866669
348.978699,-4.83257151,172.333679,2.26227903,169.270523
357.005219,-4.943645,174.213745,2.15365529,170.843552
365.216339,-5.00069761,175.758377,2.06443357,164.720215
373.616302,-4.97543812,176.457047,2.17316079,168.964844
382.209473,-4.82621717,173.287048,2.39555216,164.392166
391.000305,-5.00151062,177.637192,2.0952177,168.052322
399.993317,-4.85687113,174.45668,2.38281417,167.603485
409.193176,-4.9665451,176.448822,2.16124535,166.152634
418.604614,-4.66745806,170.862396,2.55788064,164.074646
428.232513,-4.94255018,176.658585,2.23743725,167.762039
438.081848,-4.86738634,174.040375,2.33954906,165.603622
448.157745,-4.90406227,175.764755,2.25433993,162.864838
458.465363,-4.84591627,173.091721,2.34037495,163.937515
469.010071,-4.70689917,172.376129,2.6136415,162.686203
479.797302,-4.78372002,171.47876,2.37567878,162.392746
490.832642,-4.84902191,174.192398,2.38511682,168.247849
502.121796,-5.01342297,-175.025223,2.02772665,-173.014481
513.670593,-4.73368454,169.945053,2.38063025,156.383926
525.485046,-4.89289236,172.383209,2.19490719,162.514114
537.571228,-4.65518093,170.026245,2.55693579,158.434738
549.935364,-4.78447533,173.13916,2.4768765,166.035614
562.583862,-4.80418062,173.021835,2.43023539,164.547928
575.523315,-4.7666254,171.468185,2.41919971,159.775925
588.760376,-4.75490475,171.782654,2.45073199,164.325699
602.30188,-4.78525543,171.059067,2.34608078,157.696609
616.154846,-4.69614363,171.420242,2.57479596,159.620026
630.326416,-4.63217115,170.259415,2.59108543,151.473068
644.823914,-4.65825844,170.531921,2.59174228,156.231339
659.654846,-4.35608435,168.039688,3.00379252,145.20285
674.826904,-4.6351018,168.934464,2.51306772,154.646194
690.3479,-4.7618227,172.493484,2.49627852,162.651779
706.225891,-4.4348321,168.649567,2.9244802,150.224716
722.469116,-4.63409758,169.599518,2.57313681,155.789047
739.085938,-4.56267405,168.98822,2.57168317,144.950134
756.0849,-4.44031906,168.276581,2.88276553,151.32666
773.474854,-4.4326148,168.845306,2.95571899,153.656891
791.264771,-4.37215948,167.757034,2.97729754,152.154602
809.463867,-4.3540473,168.213898,3.06909943,152.065887
828.081543,-4.16257572,166.342606,3.26321101,142.117538
847.127441,-4.29125595,167.87291,3.17492318,150.503601
866.611389,-4.40315866,169.590424,3.09168482,155.844376
886.543457,-4.11304188,169.83194,3.788692,151.621689
906.93396,-4.23632288,163.719498,2.7179563,133.496918
927.793457,-3.51585174,163.921188,4.31586599,130.767258
949.13269,-4.10742664,167.111221,3.44962835,153.928574
970.962769,-4.03356838,166.418991,3.58236957,145.569809
993.294922,-4.03100348,165.317444,3.43118286,140.266678
1016.14069,-3.93043613,165.727768,3.72083068,143.170364
1039.51196,-3.96593642,166.05162,3.67927456,146.640671
1063.42078,-4.00081921,166.070206,3.6008966,147.311768
1087.87952,-3.95348048,164.757797,3.52941012,143.406265
1112.90076,-3.98213696,166.218704,3.66622233,146.940399
1138.49744,-3.73393178,163.817123,3.86919665,138.390915
1164.68286,-3.74504948,164.541168,3.93249226,144.108109
1191.47058,-3.37181211,163.328186,4.57068157,133.043884
1218.87439,-3.41066289,163.151428,4.45328665,135.619766
1246.90845,-3.32218122,162.591705,4.53226852,129.50856
1275.5874,-3.24650764,162.43692,4.67367601,130.753036
1304.9259,-3.46983433,162.658249,4.24023199,133.680298
1334.93921,-3.40539479,162.980759,4.43078136,135.824783
1365.64282,-2.74280262,161.376343,5.48073816,120.064178
1397.05261,-2.88250804,161.989334,5.35365582,126.406036
1429.18481,-2.76879048,161.220306,5.41510773,124.5467
1462.05603,-2.47889972,161.073761,5.9548521,117.525673
1495.68335,-2.28547764,161.801193,6.51643276,114.340874
1530.08411,-2.38256192,160.718124,6.06935501,119.158226
1565.276,-2.61632895,160.775162,5.61307621,123.731064
1601.27734,-2.17368937,160.859146,6.51948595,116.659904
1638.10669,-1.95578921,160.222534,6.74559498,112.220726
1675.7832,-1.84832847,160.105515,6.90585518,110.934921
1714.32617,-1.66664863,160.070312,7.21564293,108.29261
1753.75574,-1.52251434,160.079254,7.46411037,106.589043
1794.09216,-1.49185336,160.203812,7.53588438,110.367416
1835.35632,-0.960836768,160.510742,8.48433304,96.6775742
1877.56958,-0.73380214,160.939407,8.949543,91.9266205
1920.75366,-0.779566348,160.032257,8.51649284,97.2916107
1964.93103,-0.455389887,160.833908,9.18262196,94.4249802
2010.12439,0.011990384,161.608765,9.91126537,79.2703934
2056.35718,0.447507083,164.601654,11.4435625,64.6988449
2103.65332,0.480229437,160.205338,9.37660027,75.6429138
2152.03735,0.754497588,160.17041,9.29758263,73.4645996
2201.53418,1.35014296,163.856247,10.5412951,51.9670448
2252.16943,1.65646827,167.476654,11.5686655,39.6457176
2303.96924,2.11447811,168.264633,10.9892921,31.8018875
2356.96045,2.74713039,165.67424,9.22944927,35.4975319
2411.17065,2.99628735,170.530273,9.81186008,21.5426903
2466.62769,3.09754205,175.808716,10.2018948,1.86771286
2523.36011,2.49482036,179.46994,11.9712152,-6.04430151
2581.39746,2.94040871,-177.833847,10.7169571,-12.4377165
2640.76953,4.45367289,-173.473511,7.71838522,-6.67652464
2701.50732,4.75503111,-165.611542,6.66072178,-12.9673262
2763.64209,3.66880226,-164.346222,7.75129414,-28.7879028
2827.20581,3.62073827,-158.532822,6.8160882,-34.7897911
2892.23145,3.68292356,-150.846909,5.44733953,-35.9155617
2958.75269,3.54766679,-135.896683,3.09780288,-37.156414
3026.80396,2.74379015,-141.474228,4.08046198,-46.3419838
3096.42041,1.94079757,-136.658661,3.22100186,-52.712883
3167.63818,1.59178579,-141.294128,3.97128367,-63.65728
3240.4939,1.02248251,-127.335762,1.46421683,-53.9821129
3315.02515,0.419888467,-127.001137,1.18623829,-60.6857338
3391.27075,-0.645274103,-123.335052,0.102863006,-64.7188492
3469.27002,-2.03788209,-118.079903,-1.49550998,-67.5765228
3549.06323,-1.78329027,-123.917839,-0.560340345,-73.7874527
3630.69165,-2.06275845,-123.074806,-0.882799923,-75.8300476
3714.19751,-3.6036644,-118.562225,-2.66296959,-76.6998215
3799.62402,-3.76353955,-121.509148,-2.47186732,-81.0508881
3887.01538,-4.94562292,-114.244026,-4.29301929,-75.9708023
3976.41675,-7.7324748,-126.959419,-6.04354143,-99.6420059
4067.87427,-6.05076694,-119.96167,-4.80474377,-90.1455917
4161.43555,-6.20368958,-123.032333,-4.69218302,-94.5824814
4257.14844,-6.88209057,-123.795853,-5.34115553,-97.0239182
4355.06299,-4.95488739,-125.524834,-3.27799034,-100.228416
4455.22949,-9.57177258,-126.921402,-8.09403896,-107.293335
4557.69971,-12.9177055,-129.347107,-11.8323126,-110.011475
4662.52686,-8.27987671,-132.115204,-6.3122015,-115.633957
4769.76514,-9.80016804,-133.08522,-8.01719093,-118.008926
4879.46973,-13.7075081,-124.213928,-12.8299961,-108.157799
4991.69775,-11.2439871,-134.466125,-9.63995552,-121.047005
5106.50684,-12.1142292,-137.485947,-10.5407639,-125.273987
5223.95654,-11.0123138,-129.584534,-9.6025238,-117.993347
5344.10742,-8.00812626,-121.14592,-6.90771198,-109.172691
5467.02197,-8.17815304,-126.370903,-6.78949594,-117.155258
5592.76367,-9.5914278,-134.657913,-7.77443171,-126.016251
5721.39746,-14.3874474,-146.497986,-12.9503717,-140.049454
5852.98975,-19.140419,-172.220215,-18.1677628,-166.318039
5987.6084,-13.7221584,-149.376511,-12.1029882,-144.182556
6125.32324,-16.6155186,-153.24765,-15.4128714,-148.931458
6266.20557,-19.2894497,-151.588486,-18.4352074,-146.81424
6410.32812,-19.5600586,-157.895126,-18.6787357,-154.500473
6557.76562,-20.6728611,-165.30365,-19.8612556,-163.578552
6708.59424,-11.6824474,148.499359,-9.82881927,150.741196
6862.89209,-18.9743767,-169.974487,-17.9567871,-169.301239
7020.73877,-11.7740383,-129.777863,-10.5813198,-126.51165
7182.21582,-15.9195499,-141.58049,-14.8526802,-140.625626
7347.40674,-19.5466862,-157.821518,-18.6671791,-156.975189
7516.39697,-17.7398567,-144.894165,-16.8326683,-145.416061
7689.27393,-6.69255066,93.5070877,-7.69359112,84.5910797
7866.12744,-9.0551405,84.1530762,-10.0113754,77.0219803
8047.04834,-18.2346363,74.3753052,-18.5922546,71.6731415
8232.13086,-13.5833426,47.3695869,-14.833786,43.6260948
8421.46973,-31.44734,83.8082581,-31.4758568,82.8498535
8615.16309,-24.7353096,38.6291924,-25.125351,36.3637276
8813.31152,-34.1836586,156.269394,-34.0272942,155.54364
9016.01758,-14.0083961,-39.4892273,-15.3404436,-38.5096855
9223.38574,-19.8094654,149.467026,-19.0304279,148.576294
9435.52344,-14.8066034,143.007996,-13.5880289,143.176727
9652.54004,-33.6071281,133.282913,-33.4829788,132.559082
9874.54883,-22.1296062,-102.441299,-22.038496,-102.788971
10101.6631,-6.02174234,117.427315,-5.79015493,111.614647
10334.001,-13.1920633,76.4863358,-13.8810892,72.8463287
10571.6826,-31.0866489,63.725769,-31.19911,63.8594093
10814.8311,-13.4998999,61.8510246,-14.4703903,56.3081398
11063.5723,-26.4762745,39.4050674,-26.8060131,40.916893
11318.0342,-17.4870739,37.0733986,-18.423254,37.9624863
11578.3486,-22.2599125,-2.19288659,-22.9073124,-0.587998629
11844.6504,-31.0274582,139.264221,-30.8425541,138.790726
12117.0771,-16.2035809,-25.0998688,-17.360548,-23.3028107
12395.7695,-19.757597,170.564133,-18.8307495,170.200714
12680.8721,-0.141927361,-61.2526398,-4.93946743,-41.6055641
12972.5322,-20.61059,178.314514,-19.7611332,178.180618
13270.9004,-18.321043,-147.289627,-17.4241219,-146.509964
13576.1309,-6.44563723,-115.188576,-6.2996192,-109.630531
13888.3818,-14.2270336,145.070221,-12.8020077,139.88176
14207.8145,-12.9427147,138.691452,-11.4801798,131.457275
14534.5938,-13.5623903,151.98082,-11.8487825,143.652649
14868.8896,-5.84050512,116.128082,-5.13772058,97.998291
15210.874,-4.92497063,114.935341,-4.29422379,89.9174118
15560.7246,-8.61971569,129.395935,-6.86206961,107.656136
15918.6211,-5.01396704,117.720184,-4.00628757,84.0971298
16284.749,-5.07803965,127.816116,-3.05547595,95.6583252
16659.2988,2.18355513,135.554306,2.99176931,43.6282959
17042.4629,3.56430435,161.432922,7.08104324,14.4341087
17434.4395,2.26067162,-176.042511,10.6822586,-48.7912979
17835.4316,0.63019985,-167.639771,10.5744743,-107.550308
18245.6465,-1.32072771,-160.013824,7.76092339,-105.558792
18665.2969,-2.95957518,-161.261612,4.97011375,-133.135117
19094.5996,-3.12772107,-168.868469,6.15050364,-142.445663
19533.7754,-3.97693872,-171.524628,2.57400465,167.548767
19983.0527,-3.35278678,162.478912,2.06928754,172.848282
20442.6621,-3.74784017,166.133392,1.09244597,-171.132416
20912.8438,-6.91494799,-48.6415291,-17.8887882,33.6917763
21393.8398,-3.07864189,161.735718,4.8070426,136.119095
21885.8984,-0.864479363,160.660492,8.67490387,97.8270416
22389.2734,2.64697981,171.271149,10.606534,16.6432972
22904.2266,1.68931222,-163.599548,7.86470842,-87.056366
23431.0234,0.590386033,-145.667374,4.2148385,-87.6403046
23969.9375,-3.79388165,-135.603912,-1.01850331,-110.210495
24521.2461,-9.78701591,-120.511353,-8.68780708,-100.673088
25085.2344,-9.04318714,-142.431992,-6.6120863,-131.851089
25662.1953,-30.2695427,-42.3192558,-30.5202675,-34.7650108
26252.4258,-7.64786053,13.2920408,-10.6431217,14.2599077
26856.2324,-17.096365,-176.330276,-15.7927704,-175.700317
27473.9258,-26.3306007,-30.357872,-26.6931534,-31.1268978
28105.8262,-26.2770729,112.668892,-26.1264267,108.239326
28752.2598,-27.0742435,173.980499,-26.6836624,174.352692
29413.5625,-20.8598576,-88.8378296,-20.9417,-88.4764481
30090.0742,-2.18610024,-144.575836,-0.875581264,-141.204269
30782.1465,-23.3223171,88.349884,-23.3842163,88.7830658
31490.1367,-15.3902969,75.3147736,-15.9495764,74.41008
32214.4102,-11.6550598,41.5466461,-13.3594093,40.1467018
32955.3398,-17.5115318,176.492294,-16.2731133,176.187866
33713.3125,-24.6106606,128.817245,-24.2949409,125.353859
34488.7188,-11.6315355,150.269409,-9.52208042,143.75238
35281.9609,-9.42787266,121.493629,-8.24355125,101.461327
36093.4453,-3.2305994,136.170425,-0.399091929,108.816856
36923.5938,0.292129308,-152.041855,0.456500947,-132.02919
37772.8359,1.69225001,-171.173538,10.7309074,5.08257341
38641.6094,-3.27552843,-162.218231,4.49287701,-123.470329
39530.3672,-5.11206961,-171.240204,0.661347091,172.573273
40439.5664,0,-180,2.09164572,-180
41369.6758,0,-180,1.37773526,180
42321.1797,0,-180,2.24226809,180
43294.5664,0,-180,0.752760231,-180
44290.3398,0,-180,1.95253122,-180
45309.0195,0,-180,2.17542458,-180
46351.1289,0,-180,2.0935092,180
47417.2031,0,-180,3.61560202,180
48507.8008,0,-180,1.80387533,-180
49623.4805,-1.04E-06,-180,2.60392451,-180
50764.8203,0,-180,1.98307931,180
51932.4102,-1.04E-06,-180,2.70159698,180
53126.8555,0,-180,1.53555691,-180
54348.7734,0,-180,2.38234758,-180
55598.7969,-1.04E-06,-180,1.79474783,180
56877.5703,0,-180,2.52042913,180
58185.7539,0,-180,1.13838017,-180
59524.0273,0,-180,2.16779041,-180
60893.082,-1.04E-06,-180,1.11860335,180
62293.6211,0,-180,2.3322742,180
63726.375,0,-180,0.618051171,-180
65192.082,-1.04E-06,-180,2.02139187,-180
66691.5,-1.04E-06,-180,8.5260458,180
68225.4062,0,-180,2.18877983,180
69794.5938,0,-180,3.64783216,180
71399.8672,0,-180,1.88197982,-180
73042.0625,0,-180,2.58150697,-180
74722.0312,0,-180,2.06419373,180
76440.6406,-1.04E-06,-180,3.11216283,180
78198.7734,0,-180,1.66830003,-180
79997.3438,0,-180,2.49796176,-180
81837.2812,0,-180,1.88034391,180
83719.5391,-1.04E-06,-180,2.65659714,180
85645.0859,0,-180,1.43006182,-180
87614.9219,0,-180,2.26285028,-180
89630.0625,-1.04E-06,-180,1.64977014,180
91691.5547,-1.04E-06,-180,2.41984057,180
93800.4609,0,-180,-0.093455926,-180
95957.875,-1.04E-06,-180,2.10619068,-180
98164.9062,0,-180,1.80166578,180
100422.703,-1.04E-06,-180,2.22939444,180
102732.422,0,-180,0.623597085,-180
105095.266,-1.04E-06,-180,1.90393591,-180
107512.453,-1.04E-06,-180,2.87760925,-180
109985.242,-1.04E-06,-180,2.04644775,180
112514.906,-1.04E-06,-180,3.54557991,180
115102.75,-1.04E-06,-180,1.72736144,-180
117750.117,-1.04E-06,-180,2.65583611,-180
120458.367,0,-180,1.96971381,180
123228.906,0,-180,2.78067231,180
126063.172,0,-180,1.55243969,-180
128962.625,0,-180,2.32705045,-180
131928.766,-1.04E-06,-180,1.76760268,180
134963.125,0,-180,2.48922229,180
138067.281,0,-180,1.13447928,-180
141242.828,0,-180,2.13053608,-180
144491.406,0,-180,0.870340168,180
147814.703,-1.04E-06,-180,2.26648664,180
151214.438,0,-180,0.388634861,-180
154692.375,-1.04E-06,-180,1.88069415,-180
158250.297,0,-180,9.47424984,0
161890.047,0,-180,2.14236331,180
165613.516,0,-180,3.99693632,180
169422.625,0,-180,1.83518171,-180
